                  epoch,             train/loss,  metrics/accuracy_top1,  metrics/accuracy_top5,               val/loss,                 lr/pg0,                 lr/pg1,                 lr/pg2
                      1,                0.86197,                0.73776,                      1,                0.56022,              0.0033314,              0.0033314,              0.0033314
                      2,                0.60112,                0.64331,                      1,                0.64585,              0.0066428,              0.0066428,              0.0066428
                      3,                0.55683,                0.72598,                      1,                0.57313,              0.0099321,              0.0099321,              0.0099321
                      4,                0.51028,                0.63559,                      1,                0.65716,               0.009901,               0.009901,               0.009901
                      5,                0.37701,                0.70262,                      1,                0.59333,               0.009901,               0.009901,               0.009901
                      6,                0.31264,                0.65387,                      1,                0.63806,               0.009868,               0.009868,               0.009868
                      7,                0.28033,                0.66301,                      1,                0.63462,               0.009835,               0.009835,               0.009835
