                  epoch,             train/loss,  metrics/accuracy_top1,  metrics/accuracy_top5,               val/loss,                 lr/pg0,                 lr/pg1,                 lr/pg2
                      1,                 1.0658,                0.75259,                      1,                0.55576,              0.0033296,              0.0033296,              0.0033296
                      2,                0.81409,                0.74975,                      1,                0.56129,               0.006641,               0.006641,               0.006641
                      3,                0.69727,                0.67987,                      1,                0.60834,              0.0099303,              0.0099303,              0.0099303
                      4,                0.64424,                0.71054,                      1,                0.58673,               0.009901,               0.009901,               0.009901
                      5,                0.54311,                0.71095,                      1,                0.58468,               0.009901,               0.009901,               0.009901
                      6,                0.42474,                0.70932,                      1,                0.57416,               0.009868,               0.009868,               0.009868
                      7,                0.37503,                0.73451,                      1,                0.56438,               0.009835,               0.009835,               0.009835
