                  epoch,             train/loss,  metrics/accuracy_top1,  metrics/accuracy_top5,               val/loss,                 lr/pg0,                 lr/pg1,                 lr/pg2
                      1,                0.77067,                0.75767,                      1,                0.54079,              0.0033298,              0.0033298,              0.0033298
                      2,                0.54983,                0.73106,                      1,                0.57437,              0.0066411,              0.0066411,              0.0066411
                      3,                0.54499,                0.66829,                      1,                0.61153,              0.0099305,              0.0099305,              0.0099305
                      4,                0.52049,                0.72314,                      1,                0.58204,               0.009901,               0.009901,               0.009901
                      5,                0.38528,                  0.714,                      1,                0.58487,               0.009901,               0.009901,               0.009901
                      6,                0.33987,                0.74264,                      1,                0.56037,               0.009868,               0.009868,               0.009868
                      7,                 0.2967,                 0.6752,                      1,                0.61065,               0.009835,               0.009835,               0.009835
