                  epoch,             train/loss,  metrics/accuracy_top1,  metrics/accuracy_top5,               val/loss,                 lr/pg0,                 lr/pg1,                 lr/pg2
                      1,                0.78894,                 0.7014,                      1,                 0.5842,              0.0033317,              0.0033317,              0.0033317
                      2,                0.54397,                0.70729,                      1,                0.59202,               0.006643,               0.006643,               0.006643
                      3,                0.51469,                0.65103,                      1,                0.64899,              0.0099324,              0.0099324,              0.0099324
                      4,                0.44739,                0.64392,                      1,                0.64742,               0.009901,               0.009901,               0.009901
                      5,                0.34115,                0.67885,                      1,                0.61815,               0.009901,               0.009901,               0.009901
                      6,                0.29291,                0.63965,                      1,                0.65317,               0.009868,               0.009868,               0.009868
                      7,                0.26529,                0.65996,                      1,                0.63407,               0.009835,               0.009835,               0.009835
                      8,                0.23096,                0.69896,                      1,                0.59389,               0.009802,               0.009802,               0.009802
